INSERT INTO Театры
VALUES
('театр Зайцева'),
('театр Горткова');

INSERT INTO Абонементы(Id, Колличество, Цена)
VALUES
(1, 10, 2000),
(2, 5, 1200);

INSERT INTO Категории_Работников (Категория) 
VALUES ('Директор');

INSERT INTO Категории_Музыкантов (Категория)
VALUES
('Гитарист'),
('Пианист');

INSERT INTO Категории_Актеров (Категория)
VALUES
('стажер'),
('заслуженный');

INSERT INTO Категории_Постановщиков (Категория)
VALUES
('pежисеp-постановщик'),
('художник-постановщик'),
('диpижеp-постановщик');

INSERT INTO Авторы (Id, ФИО, Дата_Рождения, Страна)
VALUES
(1, 'Онегин Евгений Степанович', '1700-01-01', 'Россия'),
(2, 'Пушкин Александр Сергеевич', '1400-01-01', 'Россия'),
(3, 'Гюго Виктор Анатольевич', '1731-01-01', 'Франция'),
(4, 'Ломоносов Сергей Димтриевич', '1854-01-01', 'Россия');

INSERT INTO Жанры 
VALUES
('комедия'),
('драма'),
('комедийная драма'),
('фантастика');

INSERT INTO  Пьесы_И_Их_Авторы(Id_Автора, Id_Пьесы)
VALUES
(1, 1),
(2, 2),
(3, 3),
(4, 4),
(4, 5);

INSERT INTO  Пьесы(Id, Название, Дата, Рейтинг, Жанр)
VALUES
(1, 'Золушка', '1422-01-01', 8, 'комедия'),
(2, 'Тетушка', '1435-01-01', 14, 'драма'),
(3, 'Отверженние', '1800-01-01', 18, 'комедийная драма'),
(4, 'Война', '1881-01-01', 16, 'драма'),
(5, 'Ореол', '1774-01-01', 18, 'фантастика');

INSERT INTO  Работники(Id_Служащего, Категория)
VALUES
(1, 'Директор'),
(2, 'Директор');

INSERT INTO  Постановщики(Id_Служащего, Категория)
VALUES
(4, 'pежисеp-постановщик'),
(5, 'художник-постановщик'),
(6, 'диpижеp-постановщик'),

(7, 'pежисеp-постановщик'),
(8, 'художник-постановщик'),
(9, 'диpижеp-постановщик');

INSERT INTO  Спектакли_И_Их_Постановщики(Id_Спектакля, Id_Служащего)
VALUES
(1, 4),
(2, 4),
(3, 4),
(1, 5),
(2, 5),
(3, 5),
(1, 6),
(2, 6),
(3, 6),

(4, 7),
(4, 8),
(4, 9),

(5, 7),
(6, 7),
(7, 7),
(5, 8),
(6, 8),
(7, 8),
(5, 9),
(6, 9),
(7, 9),

(8, 4),
(8, 5),
(8, 6);

INSERT INTO  Спектакли_И_Их_Музыканты(Id_Спектакля, Id_Служащего)
VALUES
(1, 13),
(2, 13),
(3, 13),
(1, 14),
(2, 14),
(3, 14),

(4, 15),
(4, 16),

(5, 15),
(6, 15),
(7, 15),
(5, 16),
(6, 16),
(7, 16),

(8, 13),
(8, 14);

INSERT INTO  Музыканты(Id_Служащего, Категория)
VALUES
(13, 'Гитарист'),
(14, 'Пианист'),

(15, 'Гитарист'),
(16, 'Пианист');

INSERT INTO  Служащие(Id, ФИО, Опыт, Пол, Дата_рождения, Колличество_Детей, Зарплата,
Является_Работником, Театр)
VALUES
(1, 'Кузьма Сергей Анатольевич', 0, 'м', '1981-01-01', 4, 30000, 'True', 'театр Зайцева'),
(2, 'Прокопьев Андрей Михайлович', 2, 'м', '2001-01-01', 0, 20000, 'True', 'театр Горткова'),
(3, 'Колодцев Антон Грегорьевич', 3, 'м', '1966-01-01', 3, NULL, 'False', NULL),

(4, 'Анохин Дмитрий Валерьевич', 4, 'м', '1995-01-01', 2, 30000, 'True', 'театр Зайцева'),
(5, 'Шадрин Алексей Дмитриевич', 1, 'м', '1992-01-01', 2, 30000, 'True', 'театр Зайцева'),
(6, 'Локтионов Дмитрий Сергеевич', 4, 'м', '1974-01-01', 1, 40000, 'True', 'театр Зайцева'),

(7, 'Куртов Антон Валерьевич', 4, 'м', '2000-01-01', 0, 30000, 'True', 'театр Горткова'),
(8, 'Карпатов Дмитрий Александрович', 6, 'м', '2001-01-01', 0, 20000, 'True', 'театр Горткова'),
(9, 'Костюк Наталья Грегоровна', 2, 'ж', '1999-01-01', 1, 10000, 'True', 'театр Горткова'),

(10, 'Шамаева Екатерина Прокопьева', 0, 'ж', '1982-01-01', 2, NULL, 'False', NULL),
(11, 'Шин Ольга Грегоровна', 5, 'ж', '1976-01-01', 3, NULL, 'False', NULL),
(12, 'Караваева Наталья Андреевна', 3, 'ж', '1996-01-01', 0, NULL, 'False', NULL),

(13, 'Караваева Наталья Андреевна', 3, 'м', '1996-01-01', 0, 20000, 'True', 'театр Зайцева'),
(14, 'Мамегова Алла Андреевна', 3, 'ж', '1996-01-01', 0, 20000, 'True', 'театр Зайцева'),

(15, 'Штанг Илана Андреевна', 3, 'ж', '1996-01-01', 0, 20000, 'True', 'театр Горткова'),
(16, 'Нестерова Маргарита Андреевна', 3, 'ж', '1996-01-01', 0, 20000, 'True', 'театр Горткова'),

(17, 'Нетесова Ольга Андреевна', 3, 'ж', '1996-01-01', 0, NULL, 'False', NULL),
(18, 'Мишлен Наталья Андреевна', 3, 'ж', '1996-01-01', 0, NULL, 'False', NULL),

(19, 'Муртайзин Иван Иванович', 3, 'м', '1996-01-01', 0, 20000, 'True', 'театр Зайцева'),
(20, 'Иванов Иван Иванович', 3, 'м', '1996-01-01', 0, 20000, 'True', 'театр Зайцева'),
(21, 'Синюкова Алла Андреевна', 3, 'ж', '1996-01-01', 0, 20000, 'True', 'театр Зайцева'),

(22, 'Киров Андрей Андреевич', 3, 'м', '1996-01-01', 0, 20000, 'True', 'театр Горткова'),
(23, 'Пранков Адриан Михайлович', 3, 'м', '1996-01-01', 0, 20000, 'True', 'театр Горткова'),
(24, 'Матеюк Анна Андреевна', 3, 'ж', '1996-01-01', 0, 20000, 'True', 'театр Горткова'),

(25, 'Миронов Анатолий Андреевич', 3, 'м', '1996-01-01', 0, NULL, 'False', NULL),
(26, 'Евсюков Кирилл Александрович', 3, 'м', '1996-01-01', 0, NULL, 'False', NULL),
(27, 'Кравец Лида Андреевна', 3, 'ж', '1996-01-01', 0, NULL, 'False', NULL),

(28, 'Романенко Наталья Рамазанова', NULL, NULL, NULL, NULL, NULL, 'False', NULL),
(29, 'Горин Игорь Андреевич', NULL, NULL, NULL, NULL, NULL, 'False', NULL),
(30, 'Левин Андрей Валерьевич', NULL, NULL, NULL, NULL, NULL, 'False', NULL),

(31, 'Карпатов Антон Тарасов', NULL, NULL, NULL, NULL, NULL, 'False', NULL),
(32, 'Коваль Багдан Прокопьевич', NULL, NULL, NULL, NULL, NULL, 'False', NULL),

(33, 'Шульц Екатерина Андреевна', NULL, NULL, NULL, NULL, NULL, 'False', NULL),
(34, 'Миронова Мария Андреевна', NULL, NULL, NULL, NULL, NULL, 'False', NULL),
(35, 'Думнова Клара Николаевна', NULL, NULL, NULL, NULL, NULL, 'False', NULL),

(36, 'Ибрагимов Рустам Андреевич', NULL, NULL, NULL, NULL, NULL, 'False', NULL),
(37, 'Полякова Мария Прокофиева', NULL, NULL, NULL, NULL, NULL, 'False', NULL),
(38, 'Полясов Кларк Никитич', NULL, NULL, NULL, NULL, NULL, 'False', NULL),
(39, 'Смирнов Алексей Ибрагимович', NULL, NULL, NULL, NULL, NULL, 'False', NULL),
(40, 'Илязов Максим Степанович', NULL, NULL, NULL, NULL, NULL, 'False', NULL),
(41, 'Сбитяков Владислав Кирилович', NULL, NULL, NULL, NULL, NULL, 'False', NULL),
(42, 'Никифорова Галина Андреевна', NULL, NULL, NULL, NULL, NULL, 'False', NULL),
(43, 'Мажуга Кира Андреевна', NULL, NULL, NULL, NULL, NULL, 'False', NULL);

INSERT INTO Репертуары (Id, Номер, Театр)
VALUES
(1, 1, 'театр Зайцева'),
(2, 2, 'театр Зайцева'),

(3, 1, 'театр Горткова'),
(4, 2, 'театр Горткова');

INSERT INTO Спектакли (Id, Id_Пьесы, Id_Репертуара, Цена, От_Театра)
VALUES
(1, 1, 1, 300, 'театр Зайцева'),
(2, 2, 1, 300, 'театр Зайцева'),
(3, 3, 3, 300, 'театр Зайцева'),
(4, 4, 3, 300, 'театр Горткова'),

(5, 1, 2, 300, 'театр Горткова'),
(6, 2, 2, 300, 'театр Горткова'),
(7, 3, 4, 300, 'театр Горткова'),
(8, 4, 4, 300, 'театр Зайцева');

INSERT INTO Роли (Id, Название, Главная, Дублер, Id_Спектакля)
VALUES
(1, 'Золушка', 'True', 'False', 1),
(2, 'Золушка', 'True', 'True', 1),
(3, 'Злодей', 'False', 'False', 1),

(4, 'Тетушка', 'True', 'False', 2),
(5, 'Тетушка', 'True', 'True', 2),
(6, 'Крестьянин', 'False', 'False', 2),

(7, 'Солдат', 'True', 'False', 3),
(8, 'Солдат', 'True', 'True', 3),
(9, 'Немец', 'False', 'False', 3),

(10, 'Инопланетянин', 'True', 'False', 8),
(11, 'Инопланетянин', 'True', 'True', 8),
(12, 'Землянин', 'False', 'False', 8),

(13, 'Инопланетянин', 'True', 'False', 4),
(14, 'Инопланетянин', 'True', 'True', 4),
(15, 'Землянин', 'False', 'False', 4),

(16, 'Золушка', 'True', 'False', 5),
(17, 'Золушка', 'True', 'True', 5),
(18, 'Злодей', 'False', 'False', 5),

(19, 'Тетушка', 'True', 'False', 6),
(20, 'Тетушка', 'True', 'True', 6),
(21, 'Крестьянин', 'False', 'False', 6),

(22, 'Солдат', 'True', 'False', 7),
(23, 'Солдат', 'True', 'True', 7),
(24, 'Немец', 'False', 'False', 7);

INSERT INTO  Роли_И_Их_Характерискики(Id_Роли, Характеристика)
VALUES
(1, 'длинноносый'),
(2, 'длинноносый'),
(3, 'мелконосый'),

(4, 'длинноносый'),
(5, 'длинноносый'),
(6, 'мелконосый'),

(7, 'длинноносый'),
(8, 'длинноносый'),
(9, 'мелконосый'),

(10, 'длинноносый'),
(11, 'длинноносый'),
(12, 'мелконосый'),

(13, 'длинноносый'),
(14, 'длинноносый'),
(15, 'мелконосый'),

(16, 'длинноносый'),
(17, 'длинноносый'),
(18, 'мелконосый'),

(19, 'длинноносый'),
(20, 'длинноносый'),
(21, 'мелконосый'),

(22, 'длинноносый'),
(23, 'длинноносый'),
(24, 'мелконосый');

INSERT INTO Залы (Id, Начало, Конец, Название, Id_Спектакля)
VALUES
(1, '2015-01-01 05:05:00', '2015-01-01 08:05:00', 'Большой', 1),
(2, '2015-01-01 09:05:00', '2015-01-01 10:05:00', 'Большой', 2),
(3, '2015-01-01 11:05:00', '2015-01-01 12:05:00', 'Большой', 3),

(4, '2015-01-01 02:05:00', '2015-01-01 04:05:00', 'Основной', 4),

(5, '2015-01-01 05:05:00', '2015-01-01 08:05:00', 'Основной', 5),
(6, '2015-01-01 09:05:00', '2015-01-01 10:05:00', 'Основной', 6),
(7, '2015-01-01 11:05:00', '2015-01-01 12:05:00', 'Основной', 7),

(8, '2015-01-01 02:05:00', '2015-01-01 04:05:00', 'Большой', 8),

(9, '2015-01-02 05:05:00', '2015-01-02 08:05:00', 'Большой', 1),
(10, '2015-01-02 09:05:00', '2015-01-02 10:05:00', 'Большой', 2);

INSERT INTO  Места(Номер, Id_Зала, Цена, Резерв, Id_Абонемента)
VALUES
(1, 1, 10, 'True', NULL),
(2, 1, 20, 'False', NULL),
(3, 1, 0, 'True', NULL),

(1, 4, 0, 'True', NULL),
(2, 4, 10, 'True', 1),
(3, 4, 0, 'True', NULL);

INSERT INTO  Актеры(Id_Служащего, Категория)
VALUES
(19, 'стажер'),
(20, 'заслуженный'),
(21, 'заслуженный'),

(22, 'стажер'),
(23, 'заслуженный'),
(24, 'заслуженный');

INSERT INTO  Характеристики_Актеров
VALUES
('длинноносый'),
('мелконосый'),
('высокий'),
('низкий'),
('толстый'),
('худой');

INSERT INTO  Актеры_И_Их_Характерискики(Id_Служащего, Характеристика)
VALUES
(19, 'длинноносый'),
(20, 'мелконосый'),
(21, 'длинноносый'),

(22, 'длинноносый'),
(23, 'мелконосый'),
(24, 'длинноносый');

INSERT INTO  Роли_Актеры(Id_Роли, Id_Служащего)
VALUES
(1, 19),
(2, 21),
(3, 20),

(4, 19),
(5, 21),
(6, 20),

(7, 19),
(8, 21),
(9, 20),

(10, 19),
(11, 21),
(12, 20),

(13, 22),
(14, 24),
(15, 23),

(16, 22),
(17, 24),
(18, 23),

(19, 22),
(20, 24),
(21, 23),

(22, 22),
(23, 24),
(24, 23);

INSERT INTO Звания (Id, Название, Конкурс, Дата)
VALUES
(3, 'Заслуженный артист', 'Москвовский', '2005-01-01'),
(4, 'Лучший артист', 'Новсибирский', '2010-01-01');

INSERT INTO  Актеры_И_Их_Звания(Id_Служащего, Id_Звания)
VALUES
(19, 1),
(20, 2),

(21, 3),
(22, 4);


